City_ID,City,Cloudiness,Country,Date,Humidity,Lat,Lng,Max Temp,Wind Speed
0,puerto escondido,32,MX,1526365057,100,15.86,-97.07,85.18,9.22
1,kasongo-lunda,64,CD,1526365198,96,-6.48,16.82,70.69,2.84
2,saint-philippe,1,CA,1526362500,72,45.36,-73.48,62.6,3.36
3,ushuaia,56,AR,1526364791,100,-54.81,-68.31,22.54,3.96
4,severo-kurilsk,92,RU,1526364858,98,50.68,156.12,36.31,18.39
5,sao filipe,0,CV,1526364894,100,14.9,-24.5,69.88,10.78
6,punta arenas,0,CL,1526364000,92,-53.16,-70.91,26.6,5.82
7,atuona,0,PF,1526364804,100,-9.8,-139.03,81.04,14.25
8,nishihara,1,JP,1526363760,41,35.74,139.53,80.6,17.22
9,camacha,75,PT,1526362200,77,33.08,-16.33,60.8,12.75
10,lao cai,0,VN,1526365202,61,22.48,103.95,79.96,2.17
11,cape town,40,ZA,1526361540,100,-33.93,18.42,48.2,2.24
12,port alfred,8,ZA,1526364816,100,-33.59,26.89,59.53,3.96
13,omsukchan,24,RU,1526365204,92,62.53,155.8,38.65,3.51
14,palmer,90,US,1526364180,87,61.6,-149.11,44.6,6.93
15,gambela,92,ET,1526365204,97,8.25,34.59,65.56,3.62
16,avarua,75,CK,1526360400,88,-21.21,-159.78,75.2,13.87
17,rikitea,8,PF,1526364804,100,-23.12,-134.97,78.16,4.85
18,lere,48,TD,1526365206,78,9.66,14.23,77.8,10.67
19,butaritari,20,KI,1526364794,100,3.07,172.79,83.83,12.01
20,tasiilaq,36,GL,1526363400,92,65.61,-37.64,28.4,4.7
21,codrington,0,AU,1526364942,74,-28.95,153.24,65.38,3.4
22,richards bay,80,ZA,1526365135,100,-28.77,32.06,61.87,13.69
23,nome,1,US,1526362500,88,30.04,-94.42,73.4,4.7
24,anchorage,90,US,1526364180,93,61.22,-149.89,44.6,8.05
25,thap than,24,TH,1526365209,66,15.46,99.89,93.28,3.62
26,karak,0,JO,1526360400,72,31.18,35.7,60.8,4.18
27,hobart,75,AU,1526364000,66,-42.88,147.33,48.2,12.75
28,albany,20,US,1526363640,87,42.65,-73.75,66.2,4.41
29,purpe,56,RU,1526365210,95,64.48,76.69,25.96,14.7
30,kalabo,20,ZM,1526365211,43,-15.0,22.67,72.94,7.65
31,chumikan,48,RU,1526365211,77,54.72,135.31,42.07,2.62
32,pangnirtung,80,CA,1526365145,92,66.15,-65.72,18.4,2.95
33,say,0,NE,1526360400,45,13.1,2.36,87.8,9.17
34,longyearbyen,75,NO,1526359800,92,78.22,15.63,32.0,9.17
35,araouane,0,ML,1526364936,24,18.9,-3.53,70.24,7.99
36,nantucket,90,US,1526362980,100,41.28,-70.1,53.6,10.29
37,georgetown,20,GY,1526360400,94,6.8,-58.16,71.6,4.7
38,amahai,88,ID,1526365214,100,-3.31,129.0,81.13,7.65
39,lasa,20,CY,1526362200,64,34.92,32.53,73.4,2.24
40,kapaa,75,US,1526360160,78,22.08,-159.32,73.4,16.11
41,padang,88,ID,1526365181,100,-0.92,100.36,79.06,4.07
42,havre-saint-pierre,20,CA,1526360400,74,50.23,-63.6,33.8,2.62
43,marsaxlokk,80,MT,1526363100,72,35.84,14.54,64.4,10.29
44,isangel,80,VU,1526364996,100,-19.55,169.27,78.43,2.73
45,meadow lake,32,CA,1526364852,30,54.13,-108.44,62.14,6.76
46,hilo,40,US,1526362260,73,19.71,-155.08,75.2,3.36
47,byron bay,36,AU,1526364000,49,-28.65,153.62,69.8,10.29
48,nanortalik,80,GL,1526364796,100,60.14,-45.24,30.46,26.11
49,victoria,75,BN,1526362200,79,5.28,115.24,89.6,4.7
50,saskylakh,44,RU,1526364898,100,71.97,114.09,22.81,9.44
51,mana,75,RS,1526364000,93,43.52,20.24,60.8,1.12
52,bluff,0,AU,1526364807,27,-23.58,149.07,77.53,8.99
53,pinega,8,RU,1526364798,57,64.7,43.39,50.08,6.98
54,putina,0,PE,1526365221,55,-14.91,-69.87,14.17,2.06
55,kruisfontein,0,ZA,1526364922,100,-34.0,24.73,57.19,4.74
56,te anau,8,NZ,1526364975,97,-45.41,167.72,38.38,1.61
57,nikolskoye,0,RU,1526362200,43,59.7,30.79,73.4,2.24
58,ambad,0,IN,1526360400,32,19.61,75.79,93.2,5.82
59,kizema,88,RU,1526365224,34,61.11,44.83,71.23,10.45
60,moose factory,90,CA,1526362860,100,51.26,-80.61,28.4,11.41
61,hithadhoo,8,MV,1526364831,100,-0.6,73.08,83.74,3.29
62,drummondville,0,CA,1526365171,62,45.89,-72.5,56.2,7.2
63,vila velha,20,BR,1526364000,83,-3.71,-38.6,78.8,5.82
64,busselton,0,AU,1526364792,87,-33.64,115.35,71.5,12.46
65,chokurdakh,68,RU,1526364863,97,70.62,147.9,23.89,13.58
66,qaanaaq,8,GL,1526364824,78,77.48,-69.36,18.31,6.98
67,puerto ayora,80,EC,1526364789,100,-0.74,-90.35,75.19,9.22
68,iskateley,0,RU,1526365228,99,67.68,53.15,29.29,19.06
69,songea,0,TZ,1526365228,71,-10.68,35.65,72.13,3.4
70,victor harbor,20,AU,1526364000,59,-35.55,138.62,60.8,18.34
71,chernyshevskiy,56,RU,1526364870,70,63.01,112.47,41.71,4.52
72,new norfolk,75,AU,1526364000,66,-42.78,147.06,48.2,12.75
73,torbay,90,CA,1526361600,93,47.66,-52.73,42.8,9.17
74,mataura,0,NZ,1526364790,92,-46.19,168.86,38.83,2.73
75,lebu,0,ET,1526364835,39,8.96,38.73,70.69,4.07
76,fort nelson,75,CA,1526360400,26,58.81,-122.69,60.8,8.05
77,petropavlovskoye,90,RU,1526362200,87,46.79,142.5,50.0,8.95
78,sitka,0,US,1526364984,74,37.17,-99.65,68.71,4.74
79,homer,1,US,1526363580,56,59.64,-151.54,44.6,12.75
80,goderich,92,CA,1526364822,100,43.74,-81.71,58.45,8.77
81,acapulco,75,MX,1526363220,69,16.86,-99.88,80.6,2.24
82,oum hadjer,0,TD,1526365234,44,13.3,19.7,79.51,4.63
83,dunedin,44,NZ,1526364761,94,-45.87,170.5,44.59,2.95
84,belaya gora,32,RU,1526365235,92,68.54,146.19,31.63,6.42
85,paamiut,48,GL,1526364947,100,61.99,-49.67,31.09,19.95
86,beira,90,ES,1526364000,87,43.2,-8.36,53.6,1.12
87,dudinka,80,RU,1526364852,100,69.41,86.18,20.11,12.68
88,ratholo,92,BW,1526365238,97,-22.72,27.57,58.72,8.21
89,diego de almagro,0,CL,1526365239,83,-26.39,-70.05,48.19,1.95
90,yellowknife,90,CA,1526362140,92,62.45,-114.38,28.4,10.29
91,kavaratti,0,IN,1526365239,100,10.57,72.64,85.81,4.97
92,grindavik,75,IS,1526364060,80,63.84,-22.43,37.4,8.05
93,hermanus,8,ZA,1526364806,88,-34.42,19.24,39.64,3.4
94,savannah bight,36,HN,1526365242,94,16.45,-85.85,84.1,16.04
95,saint george,20,GR,1526361600,64,39.45,22.34,69.8,3.36
96,tuatapere,8,NZ,1526365043,100,-46.13,167.69,46.93,2.84
97,noyabrsk,88,RU,1526364985,88,63.2,75.45,31.0,16.26
98,tuktoyaktuk,40,CA,1526360400,78,69.44,-133.03,17.6,13.87
99,trincomalee,80,LK,1526365244,84,8.58,81.23,87.61,4.18
100,staicele,0,LV,1526363400,59,57.83,24.75,66.2,4.7
101,avon park,90,US,1526363580,94,27.6,-81.51,71.6,8.05
102,upernavik,68,GL,1526364797,84,72.79,-56.15,29.11,8.43
103,griffith,56,AU,1526365267,72,-34.29,146.06,57.64,9.55
104,wanning,75,AT,1526363400,76,48.64,13.53,53.6,13.87
105,katete,92,UG,1526365268,97,-0.78,29.75,63.31,4.29
106,east london,0,ZA,1526360400,87,-33.02,27.91,55.4,9.17
107,fukue,20,JP,1526362200,65,35.03,136.69,77.0,9.17
108,sassandra,76,CI,1526365269,100,4.95,-6.09,78.34,7.65
109,constitucion,32,MX,1526365010,38,23.99,-104.67,68.62,6.08
110,tiksi,92,RU,1526364818,91,71.64,128.87,22.18,9.66
111,guerrero negro,0,MX,1526365271,100,27.97,-114.04,56.47,11.12
112,dickinson,1,US,1526360160,53,46.88,-102.79,51.8,6.93
113,nyuksenitsa,20,RU,1526365272,28,60.41,44.24,76.36,9.1
114,kibala,0,TD,1526360400,88,9.11,18.35,73.4,8.43
115,fortuna,20,ES,1526362200,87,38.18,-1.13,59.0,5.82
116,luau,48,CD,1526364878,66,-10.7,22.23,70.51,2.17
117,turukhansk,44,RU,1526365274,100,65.8,87.96,22.81,4.97
118,ribeira grande,36,PT,1526364874,100,38.52,-28.7,62.23,4.52
119,narsaq,68,GL,1526363400,50,60.91,-46.05,30.2,5.97
120,zeya,0,RU,1526365275,34,53.74,127.27,58.54,5.08
121,haines junction,8,CA,1526365275,59,60.75,-137.51,32.98,5.19
122,hasaki,20,JP,1526362200,44,35.73,140.83,80.6,11.41
123,barrow,0,AR,1526364820,58,-38.31,-60.23,45.58,12.68
124,thompson,20,CA,1526360400,49,55.74,-97.86,24.8,3.36
125,sibolga,76,ID,1526365134,90,1.74,98.78,76.81,2.28
126,esperance,40,TT,1526360400,88,10.24,-61.45,77.0,5.82
127,prainha,92,BR,1526365278,100,-1.8,-53.48,73.84,2.84
128,talnakh,76,RU,1526364935,100,69.49,88.39,21.91,6.87
129,muroto,0,JP,1526360400,61,33.37,134.14,77.0,6.93
130,pontianak,44,ID,1526365280,95,-0.02,109.34,84.82,3.96
131,klaksvik,92,FO,1526361600,100,62.23,-6.59,46.4,12.75
132,lazaro cardenas,56,MX,1526364726,34,28.39,-105.62,74.2,8.55
133,loja,68,EC,1526365281,95,-4.0,-79.2,55.12,1.05
134,bud,75,NO,1526361600,87,62.91,6.91,53.6,3.36
135,sao gabriel da cachoeira,92,BR,1526365216,97,-0.13,-67.09,72.58,2.62
136,touros,48,BR,1526364993,100,-5.2,-35.46,76.09,5.64
137,linhares,92,BR,1526365283,93,-19.38,-40.06,70.78,3.96
138,chuy,56,UY,1526364821,92,-33.69,-53.46,59.44,6.98
139,finschhafen,64,PG,1526365283,74,-6.6,147.85,79.96,2.95
140,shetpe,0,KZ,1526365284,18,44.14,52.16,79.51,4.41
141,wanaka,0,NZ,1526365210,98,-44.7,169.14,34.78,2.06
142,erdenet,92,MN,1526365284,58,49.03,104.04,49.45,6.64
143,mayenne,32,FR,1526365285,65,48.3,-0.62,52.69,12.91
144,bredasdorp,36,ZA,1526364826,100,-34.53,20.04,54.85,8.66
145,chiang rai,20,TH,1526360400,70,19.9,99.84,86.0,4.7
146,launceston,40,AU,1526364000,50,-41.43,147.14,53.6,11.41
147,uyuni,0,BO,1526365287,40,-20.46,-66.82,13.99,2.62
148,plaster rock,40,CA,1526363760,58,46.91,-67.4,53.6,4.7
149,gairo,48,TZ,1526365288,93,-6.14,36.87,66.46,4.29
150,bethel,75,US,1526363580,74,60.79,-161.76,37.4,4.7
151,kamaishi,40,JP,1526360400,38,39.28,141.86,77.0,4.7
152,lorengau,24,PG,1526364901,97,-2.02,147.27,85.27,4.74
153,rocha,24,UY,1526365311,91,-34.48,-54.34,56.56,5.41
154,alexandria,1,US,1526363640,83,31.31,-92.44,73.4,2.73
155,krasnokamensk,92,RU,1526365311,88,50.1,118.04,49.45,11.45
156,bichena,0,ET,1526365312,31,10.45,38.2,78.34,2.39
157,gumdag,76,TM,1526365312,68,39.2,54.59,71.32,3.74
158,pacific grove,90,US,1526363640,76,36.62,-121.92,55.4,4.7
159,mumford,64,GH,1526365313,95,5.26,-0.76,76.09,4.74
160,carnarvon,0,ZA,1526364791,92,-30.97,22.13,40.36,8.43
161,santiago del estero,8,AR,1526365314,91,-27.8,-64.26,59.26,2.84
162,puerto ayacucho,80,CO,1526365314,100,5.66,-67.63,72.94,3.06
163,hofn,92,IS,1526365122,100,64.25,-15.21,42.79,7.2
164,iqaluit,90,CA,1526360400,92,63.75,-68.52,15.8,3.36
165,minas de barroteran,0,MX,1526365315,67,27.63,-101.28,76.18,9.66
166,kabanjahe,56,ID,1526365316,100,3.1,98.49,72.13,0.72
167,norman wells,90,CA,1526360400,100,65.28,-126.83,33.8,2.24
168,port elizabeth,1,US,1526360880,93,39.31,-74.98,69.8,3.36
169,port hardy,20,CA,1526360400,81,50.7,-127.42,53.6,2.24
170,cherskiy,88,RU,1526364882,83,68.75,161.3,36.85,1.39
171,sabha,100,LY,1526365318,23,27.03,14.43,78.52,13.69
172,warrington,90,GB,1526363400,93,53.39,-2.59,50.0,1.12
173,vestmannaeyjar,88,IS,1526364803,97,63.44,-20.27,39.37,12.35
174,selcuk,0,TR,1526363400,64,37.95,27.37,69.8,3.36
175,dubbo,20,AU,1526364000,71,-32.25,148.6,66.2,5.82
176,general roca,0,AR,1526364000,61,-39.03,-67.58,48.2,6.93
177,naze,20,NG,1526360400,94,5.43,7.07,75.2,3.4
178,mogzon,92,RU,1526365322,62,51.74,111.97,47.83,6.08
179,beringovskiy,76,RU,1526364946,92,63.05,179.32,35.05,3.18
180,mogwase,56,ZA,1526365323,94,-25.28,27.22,50.89,5.19
181,muzaffarabad,80,PK,1526365323,73,34.37,73.47,69.79,2.62
182,atar,0,MR,1526365324,28,20.52,-13.05,66.91,5.08
183,komsomolskiy,12,RU,1526364920,97,67.55,63.78,18.49,15.14
184,kulhudhuffushi,68,MV,1526365186,100,6.62,73.07,85.09,8.55
185,marzuq,0,YE,1526365039,31,14.4,46.47,81.4,3.62
186,flinders,75,AU,1526360400,63,-34.58,150.85,60.8,9.17
187,kahului,75,US,1526363640,94,20.89,-156.47,73.4,19.46
188,nevsehir,20,TR,1526363400,51,38.62,34.71,62.6,5.82
189,san quintin,40,PH,1526364000,70,17.54,120.52,91.4,6.93
190,lunglei,80,IN,1526365327,73,22.89,92.75,78.16,2.06
191,balkanabat,88,TM,1526365327,74,39.51,54.36,67.99,2.28
192,baykit,76,RU,1526365327,70,61.68,96.39,40.36,5.41
193,khatanga,92,RU,1526364835,100,71.98,102.47,27.31,14.47
194,kisangani,80,CD,1526365329,100,0.52,25.21,71.32,2.95
195,san rafael,0,AR,1526365045,83,-34.61,-68.33,35.23,2.39
196,broome,75,GB,1526363940,100,52.47,1.45,51.8,10.29
197,mar del plata,92,AR,1526364891,100,-46.43,-67.52,41.53,14.03
198,vaini,0,IN,1526364904,41,15.34,74.49,92.74,4.85
199,melfort,90,CA,1526360400,50,52.87,-104.61,53.6,4.7
200,conde,76,BR,1526365331,83,-11.81,-37.61,78.88,9.44
201,nouadhibou,0,MR,1526364000,88,20.93,-17.03,62.6,14.99
202,la ronge,90,CA,1526361840,65,55.1,-105.3,46.4,8.05
203,riviere-au-renard,75,CA,1526360400,93,49.0,-64.4,37.4,4.7
204,portland,1,US,1526363580,72,45.52,-122.67,73.4,4.7
205,provideniya,90,RU,1526362200,80,64.42,-173.23,30.2,4.47
206,garden city,90,US,1526363520,100,40.73,-73.63,60.8,9.17
207,kodiak,1,US,1526359980,83,39.95,-94.76,71.6,8.05
208,yar-sale,24,RU,1526364921,100,66.83,70.83,17.59,14.7
209,hondo,40,US,1526362500,65,29.35,-99.14,78.8,11.41
210,lagoa,0,PT,1526362200,59,37.14,-8.45,64.4,16.11
211,prachuap khiri khan,20,TH,1526365336,64,11.81,99.79,91.21,2.39
212,codajas,76,BR,1526365337,96,-3.84,-62.06,75.73,5.64
213,angoram,56,PG,1526365337,76,-4.06,144.07,86.26,2.62
214,serebryansk,90,KZ,1526360400,38,49.68,83.3,60.8,15.66
215,saldanha,0,PT,1526365069,86,41.42,-6.55,37.12,4.18
216,port shepstone,92,ZA,1526365339,100,-30.74,30.45,63.94,14.47
217,okhotsk,92,RU,1526364943,99,59.36,143.24,34.96,17.83
218,tevaitoa,36,PF,1526364987,100,-16.78,-151.5,80.41,12.01
219,nemuro,40,JP,1526360400,67,43.32,145.57,60.8,11.41
220,betare oya,92,CM,1526365341,97,5.6,14.08,67.99,4.18
221,kuching,75,MY,1526364000,74,1.56,110.34,87.8,3.36
222,teguldet,92,RU,1526365342,98,57.31,88.17,43.6,9.89
223,geraldton,75,CA,1526360400,64,49.72,-86.95,37.4,8.05
224,cidreira,8,BR,1526364861,91,-30.17,-50.22,59.98,7.76
225,marsh harbour,92,BS,1526365343,97,26.54,-77.06,78.16,18.5
226,maracaju,0,BR,1526365344,94,-21.61,-55.17,66.46,6.76
227,toora-khem,56,RU,1526365344,48,52.47,96.11,43.33,3.62
228,ashitkovo,44,RU,1526365345,42,57.12,28.75,71.23,2.39
229,san cristobal,40,EC,1526364000,93,-0.39,-78.55,46.4,1.12
230,vyshneve,0,UA,1526364000,77,50.39,30.37,60.8,6.71
231,port lincoln,0,AU,1526365347,90,-34.72,135.86,60.61,16.71
232,bathsheba,40,BB,1526364000,78,13.22,-59.52,78.8,21.92
233,turbat,0,PK,1526365348,44,26.0,63.05,94.45,4.97
234,tarija,0,BO,1526365348,79,-21.53,-64.73,39.91,5.08
235,oussouye,75,SN,1526364000,94,12.49,-16.54,69.8,4.7
236,faya,5,SA,1526360400,27,18.39,42.45,77.0,5.82
237,tawang,68,BT,1526365349,47,27.59,91.87,55.84,1.61
238,russell,75,AR,1526364000,62,-33.01,-68.8,57.2,9.17
239,katsuura,75,JP,1526360400,44,33.93,134.5,80.6,9.17
240,luderitz,0,NA,1526364799,60,-26.65,15.16,59.71,9.66
241,dikson,24,RU,1526364851,99,73.51,80.55,17.32,19.51
242,gazli,24,UZ,1526365352,71,40.13,63.45,72.13,13.24
243,pokaran,0,IN,1526365352,29,26.93,71.92,101.11,8.21
244,kochi,40,IN,1526362200,66,9.96,76.25,89.6,6.93
245,mount gambier,80,AU,1526365077,72,-37.83,140.78,53.95,7.31
246,panama city,20,US,1526363760,94,30.16,-85.65,71.6,5.82
247,jamestown,92,AU,1526364802,66,-33.21,138.6,59.26,8.32
248,yaan,20,NG,1526365129,91,7.38,8.57,76.18,9.22
249,mariestad,0,SE,1526363400,58,58.71,13.82,59.0,4.7
250,bonthe,76,SL,1526365356,90,7.53,-12.5,78.97,2.51
251,college,40,US,1526363880,70,64.86,-147.8,50.0,9.17
252,nizwa,0,OM,1526365357,34,22.93,57.53,92.11,3.96
253,arbazh,32,RU,1526365358,40,57.68,48.31,69.34,9.78
254,airai,32,TL,1526364810,55,-8.93,125.41,81.85,2.39
255,kirkwood,0,ZA,1526362380,93,-33.4,25.44,51.8,2.24
256,klyuchevskiy,80,RU,1526365360,48,53.53,119.45,55.12,4.52
257,saint-augustin,90,FR,1526362200,93,44.83,-0.61,57.2,8.05
258,lauterbach,75,DE,1526361600,71,50.63,9.4,53.6,2.24
259,west bay,90,GB,1526363400,100,50.71,-2.76,53.6,6.93
260,faanui,76,PF,1526364800,100,-16.48,-151.75,81.31,14.03
261,dabat,0,ET,1526365362,29,12.98,37.77,78.88,2.39
262,comodoro rivadavia,90,AR,1526364000,87,-45.87,-67.48,44.6,11.41
263,vao,0,EE,1526365363,35,59.1,26.19,69.88,4.63
264,fairmont,90,US,1526364900,100,40.64,-97.59,66.2,3.18
265,ilulissat,80,GL,1526363400,92,69.22,-51.1,26.6,5.82
266,labuhan,36,ID,1526365038,74,-2.54,115.51,86.26,2.95
267,banjarmasin,24,ID,1526365364,93,-3.32,114.59,82.93,4.74
268,san patricio,64,PY,1526364813,81,-26.98,-56.83,68.08,3.62
269,yemelyanovo,40,RU,1526362200,46,56.17,92.69,53.6,15.66
270,peniche,40,PT,1526364000,93,39.36,-9.38,55.4,6.93
271,mayumba,92,GA,1526364993,100,-3.44,10.65,78.61,6.98
272,aklavik,92,CA,1526365054,90,68.22,-135.01,31.54,7.2
273,nuuk,0,GL,1526359800,74,64.17,-51.74,28.4,12.75
274,hoopstad,36,ZA,1526365368,100,-27.83,25.91,45.94,5.41
275,camacari,40,BR,1526364000,74,-12.7,-38.32,80.6,11.41
276,gijon,0,ES,1526364000,87,43.54,-5.66,48.2,6.93
277,nakamura,20,JP,1526362200,65,35.17,136.87,77.0,9.17
278,bambous virieux,20,MU,1526360400,78,-20.34,57.76,80.6,6.93
279,castro,0,CL,1526364827,100,-42.48,-73.76,38.02,2.17
280,mahebourg,20,MU,1526360400,78,-20.41,57.7,80.6,6.93
281,chahal,68,GT,1526365372,92,15.75,-89.57,74.2,2.62
282,wagar,12,US,1526365372,93,31.44,-87.99,69.88,2.28
283,batticaloa,36,LK,1526365065,97,7.71,81.69,86.53,4.97
284,kaitangata,24,NZ,1526364808,85,-46.28,169.85,41.98,2.17
285,salekhard,75,RU,1526362200,87,66.54,66.62,48.2,15.66
286,luba,76,PH,1526365373,57,17.32,120.7,88.51,5.3
287,port macquarie,8,AU,1526360400,49,-31.43,152.91,68.0,9.17
288,arraial do cabo,80,BR,1526364798,93,-22.97,-42.02,73.3,10.89
289,plettenberg bay,0,ZA,1526365375,100,-34.05,23.37,59.44,4.41
290,pilot butte,5,CA,1526360400,28,50.48,-104.42,55.4,13.87
291,tubuala,40,PA,1526364000,100,9.52,-79.03,75.2,4.18
292,soyo,76,AO,1526365376,95,-6.13,12.37,75.28,2.73
293,sao joao da barra,64,BR,1526365377,98,-21.64,-41.05,76.18,14.58
294,port blair,8,IN,1526365377,100,11.67,92.75,86.8,1.28
295,mehamn,0,NO,1526359800,70,71.03,27.85,44.6,11.41
296,teguise,40,ES,1526364000,82,29.06,-13.56,62.6,13.87
297,mersin,40,TR,1526363400,69,36.81,34.63,73.4,3.36
298,ugoofaaru,76,MV,1526365400,100,5.67,73.0,83.83,6.31
299,churapcha,92,RU,1526365401,98,62.0,132.43,43.42,6.76
300,clyde river,1,CA,1526363340,85,70.47,-68.59,23.0,25.28
301,shache,0,CN,1526365401,34,38.42,77.24,77.44,5.08
302,storsteinnes,40,NO,1526363400,51,69.24,19.23,60.8,1.72
303,caravelas,88,BR,1526364981,100,-17.73,-39.27,77.35,12.46
304,amuntai,0,ID,1526365403,69,-2.42,115.25,89.68,2.84
305,port hawkesbury,1,CA,1526360400,93,45.62,-61.36,42.8,6.93
306,dakar,75,SN,1526360400,94,14.69,-17.45,68.0,9.17
307,marsabit,36,KE,1526365404,85,2.34,37.99,74.56,12.57
308,brae,20,GB,1526363400,66,60.4,-1.35,53.6,16.11
309,ornskoldsvik,0,SE,1526363400,52,63.29,18.72,66.2,3.36
310,tilichiki,0,RU,1526364858,95,60.47,166.1,37.75,2.51
311,opuwo,0,NA,1526365406,65,-18.06,13.84,51.43,3.4
312,villanueva de la serena,0,ES,1526365407,47,38.97,-5.8,53.95,10.78
313,terrace bay,0,CA,1526365407,83,48.78,-87.1,40.27,6.76
314,paita,92,PE,1526365408,82,-5.09,-81.11,69.43,5.75
315,nansio,92,TZ,1526365408,100,-2.11,33.09,66.82,8.21
316,roswell,1,US,1526360100,13,33.39,-104.52,77.0,11.41
317,ambon,0,FR,1526364000,87,47.55,-2.56,51.8,8.05
318,hamilton,75,CA,1526360640,93,43.26,-79.87,64.4,8.05
319,staraya russa,0,RU,1526365410,44,57.99,31.36,67.36,2.95
320,houma,8,CN,1526365410,72,35.63,111.36,77.8,3.85
321,sungurlare,0,BG,1526364000,77,42.77,26.78,66.2,4.7
322,prince albert,90,CA,1526361900,50,53.2,-105.75,57.2,16.11
323,howell,90,US,1526365200,93,40.17,-74.19,62.6,4.7
324,axim,76,GH,1526365179,100,4.87,-2.24,79.15,6.64
325,skibbereen,75,IE,1526364000,100,51.55,-9.27,51.8,3.36
326,hambantota,8,LK,1526365125,92,6.12,81.12,86.17,7.43
327,udachnyy,0,RU,1526365414,50,66.42,112.4,39.91,4.18
328,arman,75,RU,1526362200,87,59.7,150.17,42.8,8.95
329,grand forks,1,US,1526364900,43,47.91,-97.06,55.4,5.82
330,batagay-alyta,56,RU,1526365190,84,67.8,130.41,29.38,4.07
331,belmonte,0,PT,1526365416,73,40.36,-7.35,42.61,6.31
332,yankton,1,US,1526360160,87,42.87,-97.4,60.8,6.42
333,vila franca do campo,75,PT,1526364000,72,37.72,-25.43,60.8,6.93
334,dhidhdhoo,68,MV,1526365166,100,6.88,73.1,85.09,8.55
335,lompoc,90,US,1526363880,87,34.64,-120.46,57.2,5.97
336,meulaboh,64,ID,1526365418,100,4.14,96.13,83.11,5.53
337,san anselmo,90,US,1526364120,81,37.97,-122.56,55.4,6.76
338,ipixuna,92,BR,1526364000,94,-1.76,-48.8,75.2,2.24
339,buchanan,75,LR,1526364000,94,5.88,-10.05,77.0,4.7
340,erzin,0,TR,1526363400,57,36.95,36.2,75.2,16.11
341,banda aceh,32,ID,1526365421,100,5.56,95.32,79.24,1.72
342,bloemfontein,0,ZA,1526360400,93,-29.12,26.22,37.4,2.24
343,ponta do sol,0,BR,1526364865,85,-20.63,-46.0,61.96,7.65
344,laguna,0,MX,1526365423,41,27.52,-110.01,72.85,3.18
345,srednekolymsk,88,RU,1526365069,61,67.46,153.71,45.94,1.95
346,state college,40,US,1526363100,93,40.79,-77.86,62.6,4.7
347,goianesia,0,BR,1526365424,60,-15.32,-49.12,65.56,10.78
348,fosforitnyy,0,RU,1526362200,67,55.33,38.9,62.6,8.95
349,voyvozh,0,RU,1526365425,92,62.89,54.96,38.38,17.27
350,sandy bay,75,AU,1526364000,66,-42.9,147.33,48.2,12.75
351,puerto colombia,40,CO,1526364000,94,10.99,-74.96,77.0,3.36
352,tsumeb,0,NA,1526365427,38,-19.25,17.72,55.48,11.01
353,ancud,0,CL,1526364883,86,-41.87,-73.83,38.83,2.39
354,puksoozero,24,RU,1526365428,27,62.59,40.61,71.68,8.66
355,springbok,0,ZA,1526365428,85,-29.67,17.88,39.01,6.2
356,san cayetano,100,CO,1526365429,97,5.33,-74.03,51.88,2.06
357,pevek,8,RU,1526365430,89,69.7,170.27,31.63,6.2
358,laje,92,BR,1526365430,98,-13.18,-39.42,69.34,5.19
359,zhuhai,0,CN,1526360400,28,40.71,112.04,86.0,15.66
360,yumen,32,CN,1526364999,36,40.29,97.04,69.88,6.2
361,sisimiut,80,GL,1526365431,92,66.94,-53.67,22.36,1.95
362,kitimat,75,CA,1526360400,38,54.02,-128.69,59.0,8.05
363,mount isa,12,AU,1526364000,17,-20.73,139.49,77.0,11.41
364,tual,64,ID,1526365034,100,-5.67,132.75,81.58,10.0
365,ndioum,0,SN,1526364000,60,16.51,-14.65,73.4,2.24
366,port augusta,40,AU,1526364000,67,-32.49,137.76,62.6,11.41
367,souillac,90,FR,1526364000,87,45.6,-0.6,53.6,8.05
368,pisco,90,PE,1526364000,88,-13.71,-76.2,68.0,3.36
369,tiarei,75,PF,1526364000,74,-17.53,-149.33,78.8,4.7
370,marawi,68,PH,1526365435,97,8.0,124.29,76.0,1.61
371,puerto quijarro,0,BO,1526365436,79,-19.0,-57.72,72.76,3.4
372,maningrida,36,AU,1526365437,50,-12.05,134.23,88.33,15.48
373,wairoa,80,NZ,1526365437,94,-39.04,177.43,60.16,6.98
374,nabire,80,ID,1526365438,88,-3.36,135.5,75.82,2.39
375,coihaique,20,CL,1526364000,93,-45.58,-72.07,39.2,2.24
376,caraballeda,20,VE,1526364000,83,10.61,-66.85,75.2,2.24
377,uray,80,RU,1526365440,68,60.13,64.8,41.89,6.64
378,san vicente,0,SV,1526363400,100,13.64,-88.78,78.8,2.39
379,beipiao,56,CN,1526365441,70,41.8,120.76,77.53,17.27
380,bay roberts,90,CA,1526361600,93,47.58,-53.28,42.8,9.17
381,guatire,20,VE,1526364000,83,10.47,-66.54,75.2,2.24
382,corinto,76,BR,1526365443,93,-18.36,-44.46,63.49,4.63
383,nong bua,0,TH,1526365443,57,15.87,100.58,95.98,6.87
384,amazar,24,RU,1526365443,62,53.86,120.88,50.98,3.85
385,vardo,75,US,1526363580,93,39.62,-77.74,66.2,4.7
386,tari,12,NG,1526365445,75,12.41,4.49,79.78,3.29
387,cockburn town,44,TC,1526365445,96,21.46,-71.14,79.78,20.74
388,luanda,0,AO,1526365446,95,-8.83,13.24,75.37,1.83
389,maniitsoq,20,GL,1526365446,83,65.42,-52.9,22.36,6.76
390,bilibino,20,RU,1526365447,62,68.06,166.44,40.54,4.41
391,rassvet,20,MD,1526364000,77,47.2,28.43,60.8,10.29
392,mackay,1,CA,1526360400,24,53.65,-115.58,68.0,4.7
393,kokomo,1,US,1526364300,64,40.49,-86.13,78.8,12.75
394,vanavara,76,RU,1526365450,52,60.35,102.28,47.11,6.42
395,burnie,8,AU,1526365450,100,-41.05,145.91,55.39,18.16
396,broken hill,64,AU,1526365450,63,-31.97,141.45,58.0,12.46
397,marsa matruh,75,EG,1526360400,82,31.35,27.25,68.0,4.7
398,olovyannaya,92,RU,1526365451,69,50.94,115.59,53.32,9.78
399,rawson,92,AR,1526365452,97,-43.3,-65.11,46.39,24.32
400,presidencia roque saenz pena,100,AR,1526365452,97,-26.79,-60.44,65.65,3.74
401,biryusinsk,36,RU,1526365452,59,55.96,97.82,52.06,5.19
402,shellbrook,90,CA,1526361900,50,53.22,-106.39,57.2,16.11
403,bubaque,8,GW,1526365154,100,11.28,-15.83,77.8,7.2
404,katobu,80,ID,1526365454,95,-4.94,122.53,82.93,7.31
405,aqtobe,0,KZ,1526362200,34,50.28,57.21,68.0,2.24
406,muros,40,ES,1526364000,93,42.77,-9.06,44.6,3.36
407,wasilla,90,US,1526364180,93,61.58,-149.44,44.6,1.95
408,joao camara,68,BR,1526365456,85,-5.54,-35.82,74.38,5.53
409,tabou,88,CI,1526365457,100,4.42,-7.36,76.0,4.29
410,dalbandin,0,PK,1526365457,17,28.9,64.41,90.49,9.1
411,porto novo,40,BR,1526364000,93,-23.68,-45.44,62.6,2.95
412,grand baie,20,MU,1526360400,78,-20.02,57.58,80.6,6.93
413,kamenka,0,RU,1526365459,45,53.19,44.05,72.49,4.18
414,catalao,20,BR,1526365459,63,-18.17,-47.95,67.27,11.68
415,kautokeino,88,NO,1526365460,94,69.01,23.04,53.05,3.62
416,puerto del rosario,75,ES,1526364000,82,28.5,-13.86,62.6,12.75
417,santo angelo,24,BR,1526365461,79,-28.3,-54.26,56.29,6.76
418,gat,0,SN,1526364000,88,14.69,-16.54,68.0,6.93
419,murmashi,75,RU,1526362200,74,68.82,32.82,37.4,6.71
420,kununurra,24,AU,1526364000,16,-15.77,128.74,84.2,11.41
421,ilhabela,0,BR,1526365462,100,-23.78,-45.36,72.94,13.8
422,lata,0,IN,1526364938,77,30.78,78.62,64.57,1.72
423,alice springs,0,AU,1526360400,22,-23.7,133.88,68.0,17.22
424,sandakan,75,MY,1526360400,70,5.84,118.12,91.4,9.17
425,massillon,1,US,1526365140,93,40.8,-81.52,66.2,8.99
426,jiazi,0,CN,1526360400,56,19.61,110.49,93.2,6.71
427,nhulunbuy,75,AU,1526364000,51,-12.18,136.78,82.4,14.99
428,namatanai,0,PG,1526364998,95,-3.66,152.44,85.09,4.74
429,bereda,90,ES,1526364000,87,43.27,-7.54,53.6,1.12
430,izumo,0,JP,1526360400,37,35.37,132.75,86.0,14.99
431,verkhoyansk,48,RU,1526365466,65,67.55,133.39,33.43,4.97
432,galich,32,RU,1526365467,27,58.38,42.35,77.71,9.55
433,kangaatsiaq,92,GL,1526365467,95,68.31,-53.46,26.95,3.74
434,kotri,0,PK,1526365468,37,25.36,68.31,101.29,15.59
435,piopio,0,CL,1526365468,100,-42.79,-73.57,38.02,2.17
436,necochea,0,AR,1526365141,92,-38.55,-58.74,45.94,12.01
437,harrison,1,US,1526364900,88,39.26,-84.82,75.2,3.36
438,muleba,92,TZ,1526365470,100,-1.84,31.66,67.81,9.66
439,kavieng,0,PG,1526364877,100,-2.57,150.8,84.73,4.63
440,derzhavinsk,0,KZ,1526365471,42,51.1,66.31,55.75,11.23
441,quelimane,40,MZ,1526360400,94,-17.88,36.89,73.4,4.41
442,inzer,0,RU,1526365387,21,54.22,57.56,58.36,4.18
443,kenai,90,US,1526363760,70,60.55,-151.26,46.4,12.75
444,mabaruma,92,GY,1526365473,100,8.2,-59.78,72.49,4.18
445,huarmey,12,PE,1526365473,88,-10.07,-78.15,56.92,3.06
446,tongliao,0,CN,1526365474,40,43.61,122.27,89.5,24.32
447,ha tinh,0,VN,1526365474,91,18.33,105.9,85.09,9.78
448,biak,68,ID,1526365475,93,-0.91,122.88,81.76,3.96
449,macusani,44,PE,1526365475,99,-14.07,-70.43,44.86,1.28
450,petropavlovsk-kamchatskiy,90,RU,1526362200,80,53.05,158.65,39.2,8.95
451,charters towers,0,AU,1526365476,51,-20.07,146.27,71.95,7.65
452,husavik,8,CA,1526364926,43,50.56,-96.99,48.91,8.66
453,umm kaddadah,0,SD,1526365477,17,13.6,26.69,84.1,16.04
454,lavrentiya,0,RU,1526364920,99,65.58,-170.99,30.01,3.06
455,khuzhir,80,RU,1526365478,53,53.19,107.35,45.58,3.74
456,cairns,40,AU,1526364000,50,-16.92,145.77,78.8,19.46
457,chuguyevka,88,RU,1526365480,58,44.17,133.87,72.04,5.97
458,horta,0,ES,1526364000,66,41.43,2.16,55.4,5.82
459,vozrozhdeniye,0,RU,1526363400,49,60.86,28.96,68.0,4.7
460,macapa,90,BR,1526360400,100,0.05,-51.07,77.0,2.24
461,awbari,100,LY,1526365482,27,26.59,12.77,82.21,14.81
462,sur,0,OM,1526365482,75,22.57,59.53,89.5,4.07
463,troitskaya,8,RU,1526365483,84,43.31,44.98,64.75,3.74
464,bandarbeyla,80,SO,1526365185,100,9.49,50.81,82.57,11.01
465,dingle,56,PH,1526365484,95,11.0,122.67,83.83,1.5
466,balabac,0,PH,1526365484,94,7.99,117.06,87.97,9.55
467,christchurch,88,NZ,1526364000,100,-43.53,172.64,53.6,3.36
468,alofi,76,NU,1526360400,83,-19.06,-169.92,77.0,13.87
469,westport,90,IE,1526360400,100,53.8,-9.52,50.0,8.05
470,san juan,75,PH,1526364000,50,14.6,121.03,95.0,10.29
471,fort smith,1,US,1526363580,78,35.39,-94.42,73.4,5.75
472,avera,1,US,1526363700,88,33.19,-82.53,73.4,7.09
473,tsabong,12,BW,1526365488,84,-26.02,22.4,43.06,3.74
474,hinton,0,CA,1526365489,33,53.4,-117.57,58.72,3.29
475,saint-georges,0,CA,1526365119,65,46.12,-70.67,52.6,5.19
476,henties bay,0,NA,1526364934,100,-22.12,14.28,54.58,1.72
477,ibia,24,NG,1526365490,95,5.18,6.32,73.21,3.18
478,daru,68,SL,1526365051,93,7.99,-10.85,73.93,2.73
479,menomonie,40,US,1526364900,100,44.88,-91.92,60.8,5.86
480,port hedland,0,AU,1526364000,8,-20.31,118.58,87.8,19.46
481,coquimbo,0,CL,1526364000,87,-29.95,-71.34,50.0,8.05
482,ranong,20,TH,1526360400,59,9.96,98.62,93.2,6.93
483,kohima,80,IN,1526365494,87,25.66,94.1,71.05,1.95
484,cabo san lucas,20,MX,1526359320,41,22.89,-109.91,78.8,13.87
485,ola,75,RU,1526362200,88,59.58,151.3,42.8,8.95
486,itarema,0,BR,1526365495,93,-2.92,-39.92,75.19,7.65
487,finnsnes,40,NO,1526363400,51,69.23,17.98,60.8,2.95
488,nouakchott,12,MR,1526365496,97,18.08,-15.98,67.27,15.03
489,namibe,20,AO,1526365496,100,-15.19,12.15,71.14,11.45
490,nikolayevsk-na-amure,92,RU,1526365497,87,53.14,140.72,41.98,9.66
491,barabai,0,ID,1526365497,69,-2.59,115.38,89.68,2.84
492,tchollire,24,CM,1526365498,74,8.4,14.17,79.06,5.75
493,san luis,0,AR,1526365499,80,-33.3,-66.34,53.59,11.9
494,fasa,0,IR,1526360400,18,28.94,53.65,73.4,9.17
495,muravlenko,64,RU,1526364950,90,63.79,74.5,27.94,14.14
496,nalut,8,LY,1526365500,74,31.86,10.98,64.66,6.08
497,hami,44,CN,1526365500,34,42.84,93.51,78.16,6.87
498,salinopolis,88,BR,1526365059,100,-0.61,-47.36,78.43,6.31
499,havoysund,0,NO,1526363400,71,71.0,24.66,51.8,4.7
500,miles city,1,US,1526363580,87,46.41,-105.84,51.8,9.17
501,xuddur,20,SO,1526365502,100,4.12,43.89,76.36,11.68
502,ust-maya,92,RU,1526365190,100,60.42,134.54,43.51,5.75
503,mercedes,92,UY,1526365503,97,-33.25,-58.03,60.79,4.63
504,akdepe,0,TM,1526362200,11,42.05,59.39,73.4,16.11
505,ratnagiri,0,IN,1526365504,90,16.98,73.3,87.7,12.01
506,bom jesus,75,BR,1526364000,94,-5.99,-35.58,75.2,6.93
507,shingu,40,JP,1526360400,68,33.72,135.99,71.6,5.82
508,kingston,20,CA,1526363760,100,44.23,-76.48,60.8,5.19
509,koutsouras,0,GR,1526365506,98,35.03,25.95,68.53,1.05
510,breves,92,BR,1526365507,100,-1.68,-50.48,73.3,6.98
511,barra patuca,68,HN,1526365508,92,15.8,-84.28,81.58,12.24
512,selizharovo,36,RU,1526365508,45,56.86,33.45,70.33,8.1
513,grants,1,US,1526360100,24,35.15,-107.85,59.0,8.05
514,rondonopolis,0,BR,1526365509,77,-16.46,-54.64,70.06,2.62
515,lanja,0,IN,1526365510,35,16.84,73.55,94.54,6.08
516,ghanzi,0,BW,1526365510,74,-21.7,21.65,48.01,11.01
517,basco,1,US,1526363700,93,40.33,-91.2,68.0,4.7
518,evensk,24,RU,1526365076,100,61.92,159.24,32.08,4.07
519,bang saphan,40,TH,1526360400,66,11.21,99.51,89.6,8.05
520,cruzeiro do sul,0,BR,1526360400,94,-7.63,-72.67,75.2,4.7
521,belomorsk,0,RU,1526365512,70,64.52,34.76,48.46,6.31
522,lewistown,1,US,1526363700,77,40.39,-90.15,71.6,9.17
523,garowe,56,SO,1526365513,74,8.41,48.48,82.21,9.44
524,ust-nera,80,RU,1526365514,89,64.57,143.24,35.59,2.39
525,petauke,32,ZM,1526365514,56,-14.25,31.33,74.56,9.22
526,samarai,80,PG,1526365514,100,-10.62,150.67,80.68,10.67
527,san buenaventura,8,MX,1526365515,65,27.06,-101.55,74.38,3.74
528,san policarpo,12,PH,1526365515,90,12.18,125.51,85.72,8.43
529,saquena,80,PE,1526365516,95,-4.67,-73.52,75.46,2.73
530,buala,88,SB,1526365063,83,-8.15,159.59,84.64,4.29
531,bilma,44,NE,1526365024,12,18.69,12.92,81.94,5.75
532,killybegs,92,IE,1526365517,95,54.63,-8.45,50.89,10.22
533,awjilah,8,LY,1526365518,43,29.14,21.3,74.29,11.23
534,chara,20,GR,1526363400,68,39.42,22.43,69.8,4.7
535,krasnovka,32,RU,1526365519,97,48.37,40.26,65.83,6.64
536,labytnangi,75,RU,1526362200,87,66.66,66.39,48.2,15.66
537,jalu,36,LY,1526364977,44,29.03,21.55,73.84,10.33
538,mildura,68,AU,1526365502,73,-34.18,142.16,59.26,9.55
539,ulladulla,75,AU,1526360400,63,-35.36,150.48,60.8,9.17
540,unai,0,BR,1526365522,73,-16.36,-46.91,63.67,7.2
541,shushenskoye,0,RU,1526360400,35,53.33,91.95,57.2,15.66
542,ximei,40,TW,1526362200,70,23.74,120.51,87.8,11.41
543,kiruna,0,SE,1526363400,62,67.86,20.23,53.6,5.82
544,katherine,0,AU,1526364000,13,-14.47,132.26,84.2,14.99
545,mapiripan,64,CO,1526365524,97,2.89,-72.13,72.76,6.64
546,san lawrenz,80,MT,1526363100,72,36.06,14.2,64.4,10.29
547,makakilo city,20,US,1526363820,78,21.35,-158.09,75.2,6.93
548,garwolin,75,PL,1526364000,81,51.9,21.61,53.6,6.93
549,pangoa,44,PE,1526365526,93,-12.12,-73.0,63.76,1.95
550,saint-gaudens,92,FR,1526364000,93,43.11,0.72,46.4,11.41
551,amarante do maranhao,0,BR,1526365527,97,-5.57,-46.74,70.78,4.74
552,valle hermoso,1,MX,1526359980,83,25.67,-97.82,78.8,8.05
553,okato,92,NZ,1526365528,100,-39.19,173.88,59.71,18.05
554,shaoxing,40,CN,1526362200,56,30.0,120.58,95.0,6.71
555,santa quiteria do maranhao,32,BR,1526365530,95,-3.52,-42.55,74.11,3.18
556,quatre cocos,20,MU,1526360400,78,-20.21,57.76,80.6,6.93
557,kalmunai,0,LK,1526365531,76,7.42,81.82,88.78,4.41
558,tahoua,92,NE,1526364000,54,14.89,5.26,82.4,18.34
559,otane,80,NZ,1526365531,98,-39.89,176.62,53.23,3.96
560,boa vista,75,BR,1526364000,94,2.82,-60.67,77.0,3.36
561,luwuk,68,ID,1526365534,93,-0.95,122.79,81.76,3.96
562,acajutla,36,SV,1526365534,91,13.59,-89.83,73.84,3.06
563,mitzic,92,GA,1526365535,95,0.78,11.55,73.03,2.62
564,moundsville,1,US,1526363760,88,39.92,-80.74,64.4,6.93
